{
    "silhouette": 0.035489545074038155,
    "davies_bouldin": 4.66811848678051
}