{
    "silhouette": 0.03547024195610905,
    "davies_bouldin": 4.6676767026537975
}